id,rand
0,SSUDE
1,NZFGM
2,UY56P
3,N9P14
4,2UX11
5,MJB2Z
6,4ZRGP
7,YWANY
8,Y7Z7R
9,1TESX
10,UBLAC
11,GGP3K
12,55X4D
13,EPXK9
14,10C8C
15,V4JO5
16,UTRJC
17,BBVMB
18,KR726
19,NTP6P
20,77Y4Z
21,EHQOY
22,6A1CB
23,CISWS
24,YCXN1
25,IPZN1
26,FM4FW
27,UX7MV
28,9DSNU
29,5FHK6
30,2SYB6
31,34ISB
32,8AL1Z
33,A7M2L
34,10Z2U
35,DZPP9
36,QIN1S
37,VLEBD
38,SDV5Y
39,REBHX
40,BVFRG
41,6JMQI
42,3LFLT
43,S6VSS
44,YH9SJ
45,B5TPT
46,Z12S9
47,ZYBHE
48,OZG72
49,KVC1G
50,CXUZE
51,G7L20
52,GJCTG
53,G6G8K
54,ZCYFO
55,FP9CR
56,VTMH4
57,LWNKC
58,N49SX
59,DWA7E
60,MNTA9
61,BZ5O3
62,1PVMX
63,GYPYW
64,8JW64
65,Z5IUT
66,G9VVL
67,30M84
68,4FA1K
69,DSUC3
70,XUOL3
71,UBU7S
72,XHE04
73,KWMT6
74,DC7WJ
75,IX078
76,XKU69
77,GFK6S
78,ILQZ2
79,6A78T
80,IJH6M
81,DC3WJ
82,MHF35
83,G9XVB
84,8U9II
85,8LUFG
86,C9WAS
87,BC75W
88,YTQWL
89,DYQC6
90,LABDN
91,0CGT4
92,8K69B
93,2676D
94,DUUAV
95,DE5WJ
96,C75GY
97,0PJX3
98,UNAEH
99,Q8JJ2
